7583,1,66.56,2000-11-18
7584,1,37.27,2000-09-03
7586,1,37.83,2000-12-05
7587,1,36.64,2000-02-06
7588,1,55.66,2000-07-12
7591,1,66.21,2000-11-22
7593,1,60.32,2000-10-19
7596,1,62.55,2000-01-29
7597,1,59.03,2000-11-22
7598,1,58.54,2000-04-09
7599,1,80.94,2000-02-11
7601,1,81.63,2000-06-05
7602,1,51.45,2000-10-16
7603,1,42.88,2000-03-12
7604,1,51.72,2000-07-23
7605,1,96.72,2000-11-25
7606,1,72.18,2000-02-15
7608,1,68.75,2000-05-05
7609,1,97.51,2000-05-28
7611,1,68.12,2000-09-27
7612,1,88.39,2000-03-08
7613,1,66.34,2000-11-11
7614,1,64.99,2000-09-22
7615,1,37.68,2000-01-24
7617,1,51.28,2000-06-27
7618,1,94.74,2000-02-05
7619,1,38.41,2000-06-11
7620,1,77.1,2000-08-01
7622,1,72.29,2000-08-29
7624,1,49.78,2000-02-06
7625,1,45.63,2000-03-10
7627,1,49.9,2000-10-24
7628,1,77.34,2000-01-20
7630,1,91.5,2000-11-26
7631,1,54.9,2000-11-09
7633,1,80.05,2000-06-23
7634,1,43.74,2000-07-26
7637,1,40.53,2000-02-15
7639,1,45.76,2000-04-29
7643,1,94.05,2000-05-23
7644,1,79.96,2000-07-10
7645,1,72.71,2000-06-04
7646,1,61.84,2000-05-11
7649,1,46.63,2000-09-09
7650,1,86.99,2000-04-02
7652,1,45.9,2000-11-21
7653,1,74.33,2000-08-15
7654,1,99.1,2000-11-04
7656,1,72.45,2000-06-05
7657,1,51.39,2000-05-03
7659,1,98.22,2000-07-16
7660,1,47.87,2000-04-14
7662,1,55.1,2000-08-30
7665,1,54.43,2000-06-08
7666,1,42.45,2000-05-30
7668,1,35.48,2000-03-03
7671,1,84.08,2000-05-10
7674,1,35.09,2000-12-25
7675,1,93.49,2000-10-18
7676,1,60.41,2000-04-12
7678,1,78.97,2000-10-17
7679,1,42.28,2000-07-22
7680,1,92.62,2000-06-09
7681,1,79.18,2000-04-24
7682,1,70.88,2000-01-07
7687,1,42.93,2000-04-17
7689,1,82.25,2000-05-20
7691,1,35.17,2000-08-26
7692,1,95.64,2000-10-19
7694,1,49.83,2000-11-25
7695,1,41.79,2000-10-12
7696,1,45.56,2000-09-27
7697,1,89.53,2000-01-20
7698,1,91.08,2000-04-26
7700,1,49.69,2000-06-12
7702,1,67.26,2000-08-30
7703,1,81.57,2000-05-13
7704,1,44.54,2000-12-23
7707,1,61.75,2000-04-20
7709,1,94.39,2000-08-08
7710,1,69.66,2000-11-26
7711,1,74.03,2000-10-06
7712,1,79.58,2000-05-27
7713,1,45.74,2000-10-07
7714,1,52.85,2000-12-23
7715,1,92.45,2000-09-13
7716,1,80.92,2000-07-07
7718,1,73.31,2000-10-11
7719,1,44.72,2000-04-30
7720,1,89.86,2000-03-31
7722,1,83.76,2000-12-29
7723,1,47.56,2000-03-13
7724,1,49.9,2000-10-13
7730,1,85.01,2000-11-12
7731,1,68.05,2000-08-23
7734,1,65.93,2000-10-30
7736,1,57.07,2000-09-23
7737,1,60.37,2000-08-30
7739,1,93.58,2000-08-02
7740,1,76.39,2000-11-29
7742,1,85.01,2000-03-22
7744,1,70.18,2000-12-09
7746,1,85.69,2000-07-25
7747,1,35.79,2000-08-01
7749,1,43.37,2000-05-03
7750,1,45.63,2000-02-25
7751,1,76.73,2000-10-28
7752,1,47.14,2000-05-09
7754,1,73.24,2000-05-17
7755,1,45.44,2000-07-12
7757,1,70.98,2000-03-02
7759,1,64.51,2000-05-23
7761,1,76.68,2000-04-30
7762,1,92.92,2000-11-04
7763,1,75.29,2000-02-09
7764,1,94.34,2000-06-09
7767,1,84.19,2000-12-17
7769,1,76.1,2000-05-24
7770,1,82.56,2000-08-14
7771,1,83.66,2000-04-05
7772,1,46.56,2000-05-24
7774,1,84.38,2000-02-28
7776,1,69.19,2000-08-22
7777,1,59.01,2000-07-13
7778,1,98.43,2000-05-08
7779,1,39.08,2000-11-13
7780,1,56.7,2000-05-07
7782,1,75.68,2000-11-26
7784,1,66.13,2000-03-06
7785,1,86.71,2000-10-08
7786,1,52.34,2000-01-10
7788,1,97.7,2000-01-30
7790,1,69.56,2000-07-06
7791,1,61.66,2000-12-09
7792,1,45.45,2000-04-05
7794,1,54.8,2000-12-16
7795,1,63.54,2000-11-08
7797,1,95.39,2000-11-15
7798,1,85.79,2000-02-22
7799,1,71.49,2000-11-09
7800,1,86.16,2000-01-01
7801,1,93.63,2000-04-21
7804,1,48.92,2000-08-25
7806,1,90.89,2000-08-03
7810,1,62.91,2000-01-28
7811,1,70.79,2000-12-01
7812,1,78.83,2000-10-12
7813,1,60.71,2000-08-04
7814,1,43.94,2000-04-02
7815,1,88.47,2000-06-09
7816,1,85.45,2000-02-07
7818,1,49.52,2000-06-17
7819,1,95.16,2000-02-01
7820,1,62.49,2000-06-30
7823,1,88.51,2000-04-28
7824,1,60.69,2000-06-14
7825,1,56.54,2000-09-04
7829,1,50.15,2000-06-01
7830,1,75.69,2000-04-02
7831,1,86.73,2000-01-11
7832,1,66.67,2000-04-02
7833,1,86.23,2000-07-28
7834,1,38.31,2000-08-04
7835,1,51.78,2000-02-18
7836,1,39.12,2000-03-10
7837,1,77.2,2000-05-22
7839,1,86.75,2000-08-29
7843,1,77.77,2000-03-08
7846,1,52.16,2000-07-19
7852,1,36.57,2000-09-24
7854,1,90.12,2000-06-01
7855,1,55.82,2000-04-02
7856,1,49.42,2000-01-13
7857,1,36.68,2000-05-15
7858,1,52.2,2000-09-21
7859,1,61.63,2000-06-08
7861,1,67.45,2000-09-27
7862,1,71.1,2000-02-23
7863,1,43.77,2000-02-11
7864,1,91.71,2000-11-04
7865,1,48.6,2000-01-18
7866,1,98.04,2000-04-15
7869,1,75.16,2000-07-20
7873,1,98.41,2000-10-30
7875,1,66.93,2000-08-23
7877,1,85.61,2000-12-30
7878,1,84.96,2000-04-13
7879,1,43.76,2000-05-25
7880,1,66.77,2000-12-29
7881,1,74.85,2000-05-07
7884,1,61.64,2000-06-30
7887,1,88.77,2000-02-16
7888,1,62.07,2000-01-21
7889,1,80.4,2000-12-06
7890,1,69.04,2000-03-21
7891,1,88.13,2000-10-15
7892,1,53.1,2000-01-13
7895,1,37.46,2000-08-05
7897,1,79.86,2000-05-09
7899,1,58.36,2000-06-19
7900,1,82.78,2000-07-07
7901,1,47.64,2000-08-04
7902,1,60.17,2000-08-09
7905,1,96.53,2000-03-10
7906,1,37.3,2000-04-02
7907,1,39.83,2000-02-07
7909,1,42.63,2000-01-05
7911,1,95.34,2000-09-16
7913,1,47.35,2000-09-07
7916,1,42.29,2000-10-18
7918,1,59.86,2000-07-09
7921,1,37.73,2000-02-14
7922,1,48.79,2000-07-10
7923,1,87.46,2000-11-12
7925,1,43.41,2000-10-27
7928,1,38.25,2000-07-07
7929,1,66.85,2000-05-12
7931,1,90.14,2000-07-14
7932,1,79.68,2000-11-24
7937,1,51.73,2000-01-17
7938,1,68.48,2000-06-12
7939,1,35.48,2000-01-30
7940,1,57.85,2000-07-11
7941,1,79.77,2000-04-21
7942,1,94.97,2000-01-26
7943,1,86.53,2000-07-17
7944,1,89.41,2000-09-11
7946,1,76.31,2000-11-14
7947,1,69.49,2000-03-12
7950,1,78.16,2000-05-30
7953,1,42.45,2000-02-06
7954,1,85.17,2000-10-28
7955,1,36.22,2000-10-13
7957,1,85.72,2000-09-13
7959,1,67.08,2000-02-19
7960,1,71.99,2000-12-11
7961,1,64.08,2000-10-04
7962,1,69.61,2000-12-03
7963,1,45.93,2000-09-16
7964,1,46.1,2000-03-02
7965,1,62.53,2000-10-19
7966,1,73.14,2000-09-20
7968,1,54.38,2000-11-13
7969,1,90.34,2000-02-09
7972,1,64.87,2000-09-24
7974,1,60.52,2000-04-16
7975,1,92.04,2000-02-23
7977,1,50.81,2000-09-22
7979,1,70.69,2000-04-22
7980,1,92.99,2000-08-10
7982,1,45.59,2000-01-28
7983,1,90.37,2000-01-20
7986,1,94.34,2000-11-13
7987,1,71.95,2000-02-10
7989,1,94.03,2000-02-05
7992,1,58.53,2000-04-08
7993,1,83.74,2000-02-13
7994,1,64.25,2000-10-30
7995,1,67.04,2000-09-19
7996,1,95.61,2000-03-11
7998,1,88.91,2000-01-21
7999,1,71.17,2000-04-10
8000,1,52.04,2000-09-23
8001,1,48.17,2000-05-29
8002,1,46.97,2000-03-07
8003,1,58.88,2000-10-18
8004,1,96.03,2000-07-18
8005,1,94.63,2000-03-01
8007,1,88.4,2000-12-23
8008,1,76.41,2000-06-25
8009,1,56.25,2000-05-15
8010,1,81.0,2000-09-12
8012,1,94.96,2000-10-14
8015,1,42.41,2000-10-02
8017,1,37.57,2000-06-24
8019,1,52.67,2000-12-06
8020,1,57.76,2000-10-30
8023,1,64.29,2000-04-11
8024,1,96.54,2000-05-18
8025,1,55.72,2000-09-09
8026,1,89.75,2000-09-17
8028,1,65.19,2000-02-26
8030,1,91.02,2000-10-21
8031,1,92.49,2000-02-17
8032,1,38.12,2000-03-25
8033,1,91.96,2000-03-18
8035,1,50.9,2000-04-29
8039,1,79.23,2000-06-10
8040,1,79.38,2000-08-19
8041,1,95.16,2000-01-25
8042,1,93.7,2000-07-22
8045,1,78.52,2000-01-07
8047,1,99.94,2000-05-26
8048,1,95.64,2000-10-15
8050,1,76.76,2000-08-28
8051,1,98.6,2000-11-09
8052,1,82.5,2000-05-10
8053,1,80.18,2000-01-21
8054,1,80.93,2000-11-03
8056,1,76.31,2000-03-31
8059,1,35.59,2000-10-16
8060,1,93.11,2000-05-25
8061,1,48.88,2000-06-15
8062,1,90.76,2000-01-28
8063,1,84.45,2000-04-24
8064,1,87.77,2000-04-13
8066,1,53.17,2000-10-01
8067,1,42.43,2000-05-27
8069,1,43.2,2000-08-26
8070,1,72.03,2000-03-15
8071,1,79.88,2000-12-28
8072,1,69.45,2000-01-07
8074,1,86.63,2000-10-10
8075,1,40.43,2000-01-01
8076,1,88.51,2000-01-08
8078,1,43.11,2000-10-16
8079,1,58.2,2000-10-09
8083,1,85.11,2000-03-04
8085,1,83.25,2000-06-11
8086,1,63.75,2000-10-28
8087,1,61.96,2000-09-14
8090,1,36.58,2000-09-22
8092,1,62.25,2000-10-25
8093,1,44.7,2000-08-30
8094,1,89.12,2000-03-31
8095,1,90.96,2000-09-18
8097,1,77.05,2000-02-10
8099,1,59.49,2000-11-22
8100,1,68.34,2000-04-17
8101,1,63.01,2000-07-14
8102,1,82.21,2000-07-17
8103,1,94.89,2000-06-25
8104,1,62.94,2000-04-17
8105,1,41.86,2000-04-05
8107,1,71.46,2000-07-07
8108,1,98.16,2000-01-10
8113,1,84.41,2000-11-14
8114,1,47.41,2000-08-07
8115,1,41.01,2000-07-25
8116,1,52.56,2000-05-08
8118,1,88.25,2000-10-02
8121,1,41.93,2000-05-11
8122,1,83.02,2000-01-07
8124,1,53.91,2000-09-15
8126,1,64.85,2000-06-21
8128,1,78.83,2000-06-21
8130,1,86.44,2000-09-23
8132,1,62.83,2000-12-20
8134,1,48.06,2000-08-28
8135,1,69.88,2000-06-05
8136,1,95.22,2000-03-17
8137,1,80.3,2000-02-18
8138,1,68.77,2000-08-14
8139,1,83.92,2000-07-30
8140,1,75.49,2000-06-14
8141,1,79.12,2000-05-30
8143,1,39.81,2000-01-09
8144,1,42.36,2000-12-03
8145,1,46.56,2000-05-06
8147,1,43.82,2000-04-22
8149,1,58.21,2000-05-01
8150,1,81.14,2000-11-28
8153,1,60.47,2000-07-23
8154,1,92.15,2000-05-06
8156,1,94.73,2000-08-17
8157,1,41.04,2000-11-06
8159,1,46.61,2000-11-08
8160,1,41.16,2000-10-05
8161,1,62.65,2000-10-08
8164,1,94.72,2000-01-28
8165,1,69.92,2000-07-04
8166,1,75.99,2000-12-20
8168,1,91.66,2000-01-26
8170,1,83.96,2000-06-07
8171,1,96.2,2000-11-23
8172,1,72.21,2000-02-14
8174,1,68.64,2000-07-28
8175,1,47.93,2000-09-15
8176,1,92.98,2000-04-09
8177,1,35.25,2000-10-29
8180,1,63.19,2000-12-22
8183,1,93.69,2000-08-16
8186,1,96.78,2000-04-05
8187,1,38.38,2000-01-22
8188,1,58.23,2000-09-29
8189,1,60.94,2000-09-02
8191,1,94.36,2000-08-04
8192,1,88.35,2000-12-10
8194,1,63.29,2000-09-13
8195,1,37.98,2000-01-21
8196,1,52.03,2000-09-24
8197,1,46.79,2000-05-28
8199,1,71.2,2000-08-31
8200,1,67.0,2000-07-23
8203,1,49.91,2000-07-17
8204,1,82.5,2000-11-11
8208,1,91.68,2000-08-15
8209,1,82.6,2000-09-18
8210,1,44.28,2000-12-25
8211,1,97.89,2000-04-05
8212,1,61.42,2000-02-10
8213,1,85.89,2000-09-27
8214,1,79.26,2000-01-28
8222,1,60.32,2000-03-10
8223,1,43.15,2000-06-12
8224,1,76.87,2000-10-23
8225,1,72.2,2000-05-28
8226,1,80.07,2000-05-23
8227,1,71.42,2000-10-27
8228,1,36.32,2000-02-06
8229,1,47.38,2000-07-06
8230,1,73.28,2000-10-30
8231,1,66.0,2000-03-03
8232,1,94.49,2000-10-13
8234,1,74.6,2000-12-15
8237,1,98.73,2000-08-07
8238,1,68.66,2000-02-17
8240,1,83.48,2000-08-29
8241,1,43.34,2000-03-09
8242,1,72.13,2000-08-08
8243,1,80.33,2000-10-16
8244,1,77.21,2000-08-20
8245,1,43.94,2000-12-13
8246,1,40.03,2000-05-05
8247,1,65.17,2000-12-20
8248,1,77.86,2000-05-06
8249,1,92.85,2000-11-07
8250,1,63.44,2000-01-31
8251,1,69.76,2000-12-01
8252,1,54.38,2000-09-22
8256,1,53.79,2000-01-23
8257,1,92.72,2000-07-04
8258,1,77.63,2000-02-10
8259,1,40.39,2000-07-18
8260,1,68.84,2000-05-18
8261,1,44.34,2000-04-20
8263,1,37.35,2000-03-18
8266,1,68.43,2000-08-29
8269,1,43.28,2000-06-18
8270,1,57.38,2000-10-09
8272,1,96.26,2000-05-24
8274,1,70.23,2000-04-11
8276,1,92.0,2000-05-07
8277,1,99.8,2000-07-20
8278,1,68.25,2000-05-02
8279,1,98.47,2000-05-28
8280,1,56.76,2000-09-14
8281,1,92.25,2000-09-21
8282,1,41.83,2000-06-08
8283,1,64.54,2000-10-11
8284,1,49.87,2000-11-19
8285,1,66.56,2000-10-30
8288,1,88.85,2000-03-09
8289,1,73.42,2000-11-17
8290,1,95.35,2000-01-12
8291,1,50.87,2000-09-02
8294,1,64.21,2000-07-16
8296,1,42.08,2000-04-16
8297,1,89.97,2000-03-25
8299,1,74.45,2000-02-18
8300,1,37.85,2000-04-27
8301,1,49.13,2000-12-03
8302,1,92.87,2000-09-05
8304,1,87.64,2000-04-22
8305,1,64.64,2000-06-15
8306,1,39.44,2000-11-12
8307,1,67.62,2000-05-15
8309,1,55.92,2000-09-08
8310,1,95.17,2000-09-21
8312,1,35.33,2000-07-01
8315,1,46.64,2000-10-02
8316,1,92.81,2000-01-24
8317,1,43.65,2000-06-11
8318,1,94.14,2000-11-06
8319,1,95.83,2000-02-27
8320,1,73.46,2000-04-27
8322,1,70.26,2000-07-16
8323,1,35.81,2000-11-22
8324,1,48.04,2000-02-10
8325,1,90.54,2000-01-26
8326,1,87.87,2000-04-26
8327,1,54.72,2000-06-08
8328,1,48.87,2000-06-04
8329,1,36.06,2000-03-01
8330,1,45.33,2000-04-22
8331,1,36.79,2000-05-06
8332,1,90.96,2000-10-20
8333,1,97.14,2000-02-21
8335,1,40.72,2000-01-17
8337,1,96.6,2000-10-08
8338,1,68.69,2000-07-07
8339,1,35.64,2000-11-18
8340,1,58.9,2000-02-18
8341,1,98.45,2000-07-19
8342,1,40.51,2000-04-09
8343,1,83.57,2000-03-17
8345,1,89.08,2000-07-07
8346,1,83.56,2000-11-25
8347,1,85.94,2000-06-21
8348,1,80.73,2000-11-16
8349,1,60.52,2000-05-28
8351,1,99.1,2000-09-26
8352,1,72.73,2000-09-27
8353,1,89.9,2000-05-31
8354,1,53.55,2000-03-31
8356,1,75.96,2000-08-07
8357,1,68.47,2000-12-28
8360,1,59.03,2000-12-25
8362,1,49.78,2000-01-08
8363,1,65.32,2000-06-05
8364,1,93.06,2000-12-23
8365,1,80.3,2000-09-19
8366,1,88.14,2000-11-09
8367,1,51.98,2000-10-31
8368,1,94.33,2000-02-06
8372,1,46.85,2000-07-10
8373,1,42.08,2000-10-06
8374,1,77.81,2000-10-21
8375,1,99.79,2000-06-19
8376,1,95.71,2000-08-03
8381,1,91.28,2000-05-26
8384,1,48.55,2000-09-10
8386,1,96.03,2000-05-11
8387,1,72.08,2000-09-19
8389,1,52.56,2000-12-08
8390,1,50.61,2000-10-25
8391,1,88.65,2000-01-30
8393,1,50.93,2000-11-15
8395,1,87.18,2000-08-14
8396,1,87.49,2000-06-30
8397,1,77.69,2000-11-17
8398,1,88.67,2000-03-29
8399,1,85.49,2000-09-13
8404,1,94.54,2000-01-17
8407,1,74.19,2000-01-16
8408,1,67.27,2000-07-30
8410,1,93.03,2000-08-24
8411,1,73.53,2000-09-14
8412,1,59.89,2000-07-23
8413,1,76.12,2000-04-23
8415,1,54.56,2000-10-01
8416,1,70.46,2000-06-19
8417,1,47.77,2000-02-13
8418,1,73.39,2000-01-13
8419,1,64.55,2000-07-26
8420,1,65.97,2000-07-08
8421,1,72.51,2000-09-27
8422,1,83.85,2000-05-27
8423,1,40.65,2000-12-25
8425,1,71.01,2000-08-24
8426,1,89.54,2000-08-08
8427,1,62.2,2000-08-29
8428,1,75.94,2000-02-15
8429,1,82.99,2000-06-02
8430,1,93.4,2000-11-18
8432,1,87.07,2000-05-04
8434,1,98.31,2000-03-22
8436,1,67.92,2000-09-16
8439,1,45.9,2000-09-06
8440,1,86.5,2000-03-31
8442,1,98.79,2000-10-11
8444,1,78.24,2000-05-17
8445,1,54.74,2000-10-11
8446,1,35.95,2000-05-26
8447,1,90.38,2000-08-05
8448,1,93.63,2000-09-23
8449,1,65.62,2000-06-28
8451,1,85.9,2000-10-17
8452,1,95.97,2000-11-27
8453,1,50.2,2000-01-28
8454,1,90.13,2000-04-12
8455,1,60.69,2000-08-29
8456,1,41.91,2000-01-18
8457,1,50.0,2000-12-13
8458,1,72.84,2000-08-23
8460,1,89.57,2000-07-31
8461,1,96.22,2000-09-23
8463,1,53.9,2000-03-28
8465,1,93.63,2000-05-03
8466,1,52.2,2000-08-31
8467,1,49.18,2000-08-11
8468,1,64.64,2000-08-15
8469,1,85.43,2000-05-10
8470,1,41.44,2000-03-12
8472,1,79.33,2000-06-20
8473,1,40.45,2000-07-22
8474,1,54.59,2000-05-08
8475,1,73.11,2000-09-02
8476,1,97.75,2000-08-19
8477,1,99.22,2000-12-25
8480,1,62.24,2000-10-15
8481,1,82.4,2000-09-26
8483,1,60.88,2000-07-21
8486,1,65.03,2000-07-28
8487,1,70.01,2000-07-12
8488,1,44.83,2000-11-28
8491,1,94.97,2000-11-06
8494,1,95.27,2000-04-05
8496,1,40.49,2000-04-23
8498,1,73.24,2000-11-18
8499,1,84.21,2000-01-03
8500,1,40.9,2000-03-09
8502,1,96.1,2000-07-04
8503,1,53.31,2000-04-13
8504,1,47.99,2000-10-24
8506,1,76.88,2000-09-29
8507,1,72.35,2000-08-09
8508,1,82.7,2000-10-18
8510,1,39.19,2000-10-18
8511,1,62.93,2000-07-23
8512,1,43.02,2000-06-18
8513,1,51.05,2000-10-04
8514,1,82.83,2000-04-09
8517,1,59.6,2000-01-27
8519,1,86.82,2000-10-12
8520,1,38.66,2000-12-30
8521,1,53.08,2000-12-08
8522,1,60.68,2000-11-02
8523,1,75.08,2000-07-06
8524,1,80.51,2000-03-18
8525,1,53.91,2000-05-22
8526,1,99.63,2000-07-09
8528,1,50.26,2000-02-23
8529,1,85.44,2000-01-27
8530,1,71.03,2000-01-21
8531,1,80.66,2000-05-21
8532,1,93.3,2000-11-13
8533,1,46.65,2000-01-20
8534,1,46.6,2000-03-04
8535,1,65.65,2000-10-23
8537,1,40.7,2000-11-06
8539,1,41.28,2000-08-11
8540,1,91.29,2000-03-25
8541,1,63.02,2000-11-14
8542,1,75.83,2000-07-12
8543,1,73.55,2000-03-14
8547,1,79.97,2000-04-14
8549,1,83.43,2000-02-27
8550,1,99.56,2000-09-12
8551,1,40.67,2000-11-16
8552,1,76.78,2000-05-25
8553,1,92.74,2000-08-23
8554,1,71.08,2000-09-12
8556,1,62.64,2000-06-02
8557,1,46.84,2000-11-13
8559,1,76.88,2000-02-10
8561,1,74.95,2000-09-11
8563,1,81.29,2000-03-06
8566,1,62.05,2000-08-05
8567,1,72.51,2000-04-25
8570,1,85.33,2000-11-07
8571,1,98.73,2000-09-15
8573,1,61.21,2000-12-19
8574,1,92.08,2000-02-25
8575,1,98.57,2000-02-24
8576,1,44.08,2000-06-24
8577,1,50.41,2000-10-06
8578,1,61.12,2000-03-23
8580,1,92.46,2000-03-24
8581,1,89.26,2000-12-06
8582,1,63.83,2000-08-30
8587,1,96.7,2000-11-16
8591,1,90.91,2000-12-13
8592,1,70.96,2000-09-07
8595,1,61.08,2000-07-09
8596,1,61.21,2000-06-27
8600,1,72.57,2000-12-20
8601,1,39.08,2000-09-17
8602,1,89.31,2000-10-23
8603,1,45.2,2000-01-10
8604,1,54.93,2000-03-07
8605,1,36.99,2000-03-15
8610,1,89.5,2000-12-14
8611,1,35.72,2000-08-10
8612,1,73.1,2000-12-16
8613,1,67.55,2000-10-09
8615,1,75.19,2000-02-07
8616,1,99.73,2000-06-13
8618,1,48.16,2000-01-03
8619,1,51.22,2000-05-22
8620,1,39.82,2000-05-21
8621,1,95.65,2000-10-30
8622,1,58.85,2000-04-16
8623,1,57.26,2000-01-25
8624,1,58.31,2000-08-29
8625,1,92.64,2000-12-07
8626,1,35.42,2000-10-28
8627,1,39.18,2000-04-16
8631,1,95.53,2000-08-01
8633,1,39.19,2000-03-27
8637,1,89.44,2000-11-06
8638,1,90.23,2000-11-30
8640,1,67.82,2000-03-11
8642,1,53.48,2000-09-22
8643,1,85.95,2000-06-28
8644,1,51.71,2000-10-26
8648,1,49.71,2000-04-15
8649,1,58.71,2000-08-12
8650,1,68.05,2000-02-02
8651,1,64.65,2000-02-20
8654,1,48.07,2000-01-08
8656,1,97.98,2000-05-12
8659,1,96.57,2000-06-25
8660,1,97.5,2000-05-16
8661,1,83.42,2000-10-01
8663,1,91.14,2000-08-16
8664,1,64.39,2000-09-03
8666,1,79.97,2000-07-30
8667,1,91.21,2000-04-05
8670,1,63.0,2000-07-05
8672,1,38.47,2000-03-15
8673,1,38.89,2000-04-22
8674,1,92.64,2000-01-07
8676,1,58.14,2000-10-10
8678,1,37.99,2000-12-15
8679,1,98.15,2000-01-09
8681,1,52.7,2000-08-22
8682,1,94.73,2000-09-14
8687,1,35.31,2000-06-23
8688,1,58.16,2000-04-29
8689,1,87.24,2000-12-03
8691,1,62.45,2000-12-05
8692,1,79.77,2000-05-02
8693,1,53.65,2000-12-25
8695,1,43.85,2000-11-23
8697,1,95.66,2000-07-06
8699,1,59.99,2000-11-30
8700,1,45.74,2000-04-01
8702,1,42.46,2000-11-09
8703,1,44.34,2000-07-17
8704,1,60.35,2000-08-02
8705,1,47.57,2000-04-03
8706,1,60.7,2000-08-09
8709,1,55.74,2000-09-10
8710,1,83.61,2000-09-13
8711,1,86.98,2000-01-28
8714,1,88.92,2000-02-06
8716,1,83.6,2000-10-16
8717,1,48.66,2000-10-18
8718,1,72.1,2000-01-14
8720,1,58.7,2000-02-09
8722,1,92.51,2000-07-19
8724,1,74.92,2000-08-12
8727,1,40.31,2000-07-02
8729,1,90.0,2000-03-08
8734,1,37.28,2000-06-29
8735,1,78.21,2000-05-18
8736,1,50.39,2000-10-08
8737,1,53.49,2000-03-17
8738,1,62.87,2000-01-18
8740,1,83.01,2000-08-23
8741,1,59.23,2000-03-20
8742,1,78.27,2000-04-23
8743,1,54.14,2000-12-22
8745,1,72.8,2000-11-21
8746,1,65.31,2000-12-19
8747,1,85.7,2000-05-12
8748,1,40.54,2000-03-12
8749,1,98.97,2000-06-10
8752,1,36.94,2000-06-30
8753,1,65.56,2000-05-08
8755,1,61.01,2000-01-01
8756,1,40.23,2000-01-18
8760,1,86.52,2000-08-25
8763,1,80.63,2000-09-21
8764,1,85.57,2000-11-08
8768,1,69.3,2000-05-21
8769,1,41.95,2000-04-19
8770,1,73.27,2000-03-13
8775,1,89.81,2000-11-11
8776,1,78.41,2000-11-22
8777,1,81.51,2000-03-26
8778,1,43.04,2000-05-16
8779,1,84.09,2000-01-10
8781,1,39.89,2000-02-21
8782,1,64.67,2000-07-26
8783,1,69.74,2000-07-11
8784,1,43.02,2000-11-26
8785,1,89.74,2000-06-08
8788,1,42.85,2000-06-22
8790,1,48.99,2000-04-07
8791,1,77.54,2000-08-24
8795,1,95.89,2000-02-18
8797,1,49.94,2000-05-14
8798,1,48.03,2000-05-24
8799,1,63.11,2000-03-19
8800,1,66.89,2000-07-06
8802,1,51.61,2000-09-19
8803,1,55.2,2000-06-02
8804,1,84.3,2000-07-01
8806,1,35.39,2000-02-06
8809,1,49.34,2000-07-24
8810,1,42.81,2000-10-12
8811,1,69.32,2000-10-17
8813,1,80.67,2000-05-08
8814,1,46.28,2000-12-22
8815,1,53.39,2000-05-20
8816,1,97.82,2000-07-07
8817,1,78.11,2000-05-05
8819,1,68.77,2000-07-23
8820,1,72.7,2000-10-03
8821,1,62.28,2000-05-11
8823,1,91.06,2000-05-10
8824,1,68.89,2000-06-25
8825,1,89.36,2000-12-28
8826,1,77.9,2000-06-28
8827,1,75.78,2000-06-01
8828,1,38.71,2000-07-13
8829,1,53.53,2000-05-03
8830,1,68.62,2000-08-28
8835,1,49.85,2000-03-18
8836,1,80.03,2000-11-09
8837,1,71.93,2000-06-03
8838,1,46.41,2000-04-28
8840,1,37.13,2000-09-05
8841,1,95.35,2000-10-23
8842,1,77.37,2000-04-29
8845,1,60.49,2000-09-12
8846,1,80.51,2000-12-03
8847,1,85.24,2000-04-02
8848,1,95.0,2000-07-02
8849,1,37.87,2000-03-30
8850,1,64.48,2000-02-27
8851,1,84.3,2000-10-02
8853,1,48.12,2000-03-23
8855,1,77.95,2000-11-19
8856,1,86.32,2000-03-28
8857,1,38.56,2000-08-05
8858,1,55.72,2000-02-22
8861,1,93.76,2000-07-06
8862,1,92.33,2000-02-23
8864,1,66.21,2000-12-29
8865,1,64.63,2000-04-29
8868,1,53.75,2000-11-16
8869,1,64.1,2000-01-19
8871,1,72.37,2000-07-19
8872,1,67.47,2000-12-19
8874,1,72.65,2000-02-16
8876,1,53.58,2000-07-16
8877,1,67.12,2000-01-21
8878,1,93.15,2000-03-10
8879,1,65.71,2000-02-03
8882,1,59.81,2000-09-25
8884,1,87.66,2000-03-31
8885,1,58.41,2000-08-22
8887,1,72.1,2000-01-26
8888,1,81.39,2000-05-24
8889,1,97.57,2000-11-18
8892,1,97.99,2000-02-24
8894,1,88.76,2000-02-27
8898,1,39.56,2000-03-30
8901,1,38.0,2000-01-22
8902,1,47.83,2000-09-21
8903,1,66.67,2000-03-21
8904,1,36.38,2000-09-02
8905,1,91.1,2000-10-19
8907,1,47.92,2000-09-18
8908,1,78.27,2000-03-30
8909,1,55.87,2000-03-07
8910,1,57.05,2000-04-01
8911,1,81.09,2000-02-08
8913,1,90.23,2000-02-22
8914,1,68.02,2000-01-29
8915,1,80.25,2000-03-02
8918,1,81.58,2000-06-15
8920,1,69.75,2000-05-27
8923,1,64.66,2000-01-12
8924,1,75.72,2000-02-20
8925,1,56.68,2000-05-14
8926,1,95.42,2000-09-23
8928,1,94.67,2000-05-28
8929,1,73.49,2000-07-07
8930,1,44.25,2000-02-17
8931,1,79.29,2000-10-27
8933,1,43.71,2000-12-08
8934,1,55.98,2000-05-16
8935,1,70.23,2000-09-03
8937,1,49.88,2000-01-31
8938,1,71.99,2000-03-29
8941,1,41.31,2000-07-19
8942,1,84.75,2000-06-01
8943,1,38.46,2000-12-25
8944,1,68.03,2000-12-18
8945,1,46.38,2000-07-01
8946,1,69.04,2000-10-25
8947,1,94.29,2000-01-02
8948,1,70.11,2000-09-14
8949,1,83.41,2000-05-21
8950,1,53.93,2000-01-04
8951,1,73.96,2000-09-02
8954,1,56.25,2000-10-14
8955,1,57.3,2000-06-14
8956,1,82.39,2000-07-04
8957,1,49.79,2000-08-04
8959,1,36.3,2000-02-06
8960,1,49.73,2000-07-07
8962,1,99.0,2000-02-09
8965,1,95.24,2000-07-24
8966,1,50.62,2000-01-27
8969,1,65.37,2000-09-20
8970,1,54.59,2000-02-07
8971,1,48.81,2000-06-04
8972,1,36.04,2000-03-01
8973,1,45.59,2000-04-22
8974,1,41.81,2000-05-10
8975,1,84.07,2000-01-07
8977,1,42.49,2000-08-11
8979,1,65.9,2000-01-16
8980,1,87.17,2000-03-03
8981,1,63.15,2000-11-06
8984,1,62.54,2000-04-01
8985,1,99.01,2000-05-16
8987,1,55.87,2000-06-02
8988,1,97.27,2000-07-12
8989,1,45.31,2000-04-10
8990,1,85.47,2000-06-10
8992,1,36.63,2000-12-20
8993,1,51.04,2000-12-02
8994,1,40.21,2000-10-14
9000,1,79.42,2000-12-05
9001,1,52.54,2000-03-07
9002,1,83.48,2000-01-31
9009,1,45.73,2000-08-19
9010,1,54.99,2000-05-20
9012,1,35.3,2000-11-13
9013,1,72.26,2000-02-27
9014,1,55.23,2000-02-22
9015,1,99.03,2000-04-30
9016,1,84.49,2000-12-17
9019,1,89.23,2000-03-19
9020,1,40.64,2000-10-25
9021,1,69.02,2000-07-31
9022,1,45.67,2000-09-14
9023,1,46.63,2000-03-02
9024,1,74.97,2000-10-29
9029,1,54.82,2000-11-28
9030,1,39.29,2000-01-03
9031,1,53.06,2000-12-09
9032,1,54.58,2000-10-29
9033,1,59.55,2000-03-31
9034,1,40.17,2000-03-27
9036,1,58.34,2000-06-24
9037,1,62.23,2000-06-22
9038,1,57.21,2000-09-08
9040,1,96.36,2000-12-14
9041,1,88.65,2000-12-14
9044,1,60.66,2000-11-18
9049,1,65.58,2000-03-12
9050,1,49.44,2000-09-09
9051,1,49.07,2000-05-24
9052,1,87.48,2000-04-08
9055,1,53.31,2000-02-13
9056,1,94.99,2000-04-23
9059,1,38.77,2000-08-04
9060,1,64.51,2000-02-29
9061,1,76.87,2000-09-27
9062,1,79.82,2000-08-14
9064,1,51.02,2000-11-06
9065,1,47.09,2000-01-01
9066,1,35.47,2000-05-09
9067,1,50.15,2000-09-17
9069,1,86.14,2000-07-28
9071,1,84.98,2000-12-23
9073,1,69.37,2000-02-24
9076,1,89.22,2000-06-10
9077,1,97.74,2000-02-17
9078,1,53.96,2000-06-29
9079,1,45.61,2000-03-19
9080,1,81.03,2000-08-20
9083,1,40.35,2000-01-03
9084,1,76.64,2000-12-29
9085,1,93.08,2000-11-04
9086,1,78.68,2000-02-12
9087,1,57.23,2000-08-02
9088,1,79.23,2000-02-07
9089,1,90.25,2000-08-27
9092,1,95.21,2000-09-19
9095,1,88.21,2000-11-04
9096,1,74.04,2000-11-16
9098,1,79.14,2000-06-08
9099,1,87.38,2000-08-25
9100,1,47.97,2000-06-02
9102,1,42.24,2000-10-31
9103,1,78.09,2000-08-10
9105,1,62.7,2000-12-11
9106,1,60.35,2000-04-18
9107,1,82.39,2000-02-16
9109,1,80.64,2000-11-22
9111,1,84.25,2000-07-23
9113,1,67.22,2000-01-03
9114,1,70.38,2000-05-05
9116,1,80.06,2000-02-26
9118,1,59.61,2000-11-25
9119,1,57.72,2000-04-09
9120,1,60.23,2000-01-25
9124,1,63.83,2000-07-10
9127,1,90.93,2000-04-26
9132,1,71.35,2000-08-05
9133,1,78.04,2000-10-13
9134,1,40.51,2000-07-19
9135,1,67.35,2000-05-17
9137,1,79.83,2000-01-19
9138,1,81.33,2000-11-03
9140,1,78.19,2000-09-18
9141,1,44.01,2000-10-03
9144,1,95.04,2000-07-06
9146,1,69.78,2000-06-21
9148,1,36.86,2000-01-08
9149,1,80.17,2000-10-12
9150,1,91.43,2000-08-30
9152,1,73.87,2000-01-16
9153,1,62.98,2000-07-26
9155,1,35.81,2000-04-05
9156,1,94.99,2000-01-02
9157,1,82.51,2000-09-25
9162,1,52.42,2000-07-21
9164,1,35.94,2000-03-14
9165,1,89.83,2000-03-12
9166,1,83.29,2000-11-26
9167,1,74.07,2000-06-12
9168,1,57.7,2000-05-11
9170,1,44.36,2000-01-25
9171,1,75.84,2000-01-07
9172,1,41.68,2000-09-26
9175,1,91.6,2000-08-09
9177,1,55.16,2000-12-07
9181,1,74.99,2000-08-20
9182,1,92.79,2000-11-01
9183,1,88.17,2000-02-18
9184,1,40.06,2000-01-04
9185,1,67.57,2000-12-22
9188,1,45.44,2000-04-18
9189,1,53.13,2000-05-18
9192,1,71.64,2000-02-15
9193,1,88.54,2000-03-16
9194,1,37.52,2000-10-21
9196,1,65.04,2000-06-04
9197,1,92.45,2000-12-21
9198,1,71.08,2000-09-11
9201,1,55.13,2000-12-23
9202,1,42.54,2000-10-24
9204,1,45.98,2000-07-24
9205,1,65.3,2000-08-09
9208,1,72.87,2000-01-28
9209,1,88.3,2000-05-31
9213,1,89.06,2000-05-13
9216,1,65.87,2000-06-12
9217,1,76.04,2000-12-11
9218,1,52.0,2000-12-16
9220,1,98.82,2000-01-07
9221,1,45.97,2000-11-19
9222,1,83.97,2000-08-23
9223,1,81.72,2000-04-07
9224,1,96.9,2000-04-13
9226,1,35.78,2000-04-21
9229,1,65.19,2000-08-30
9230,1,38.19,2000-04-07
9231,1,38.87,2000-02-09
9232,1,94.93,2000-08-15
9233,1,53.73,2000-11-16
9234,1,66.47,2000-01-21
9235,1,79.31,2000-02-27
9237,1,51.83,2000-12-14
9239,1,52.69,2000-02-22
9240,1,44.6,2000-03-15
9241,1,73.24,2000-08-12
9242,1,90.23,2000-10-26
9243,1,55.22,2000-01-19
9244,1,37.06,2000-08-09
9247,1,82.62,2000-05-18
9248,1,47.48,2000-12-27
9249,1,58.53,2000-05-26
9250,1,84.75,2000-09-20
9251,1,83.55,2000-01-28
9255,1,63.04,2000-08-17
9256,1,44.41,2000-04-07
9257,1,76.39,2000-06-02
9258,1,51.73,2000-07-24
9259,1,95.32,2000-11-24
9260,1,45.54,2000-01-24
9264,1,51.87,2000-09-02
9266,1,53.55,2000-11-25
9268,1,67.2,2000-04-10
9269,1,64.12,2000-07-13
9271,1,79.77,2000-11-02
9272,1,93.89,2000-06-19
9273,1,66.04,2000-04-17
9275,1,91.39,2000-03-29
9276,1,48.35,2000-11-04
9277,1,96.25,2000-11-18
9278,1,93.6,2000-03-01
9280,1,87.64,2000-01-18
9281,1,56.21,2000-03-28
9282,1,79.24,2000-02-04
9283,1,99.67,2000-09-03
9284,1,80.5,2000-12-16
9286,1,92.74,2000-03-06
9287,1,69.66,2000-02-04
9288,1,88.89,2000-03-12
9289,1,62.06,2000-11-09
9290,1,79.16,2000-07-12
9291,1,45.48,2000-05-13
9292,1,51.69,2000-03-05
9293,1,72.8,2000-01-21
9295,1,84.76,2000-06-23
9296,1,49.5,2000-10-21
9297,1,77.61,2000-01-20
9299,1,53.01,2000-04-12
9300,1,46.05,2000-10-22
9301,1,97.77,2000-11-14
9302,1,43.14,2000-04-09
9303,1,39.83,2000-05-03
9304,1,68.43,2000-12-22
9305,1,41.8,2000-06-29
9306,1,78.25,2000-08-09
9308,1,95.76,2000-04-02
9313,1,85.25,2000-04-15
9314,1,43.75,2000-05-25
9315,1,64.0,2000-12-27
9317,1,46.81,2000-06-04
9318,1,89.03,2000-01-22
9319,1,70.3,2000-04-10
9325,1,63.72,2000-09-28
9326,1,85.65,2000-12-14
9327,1,53.95,2000-06-03
9328,1,54.14,2000-06-06
9329,1,43.14,2000-05-30
9332,1,54.46,2000-11-17
9333,1,75.66,2000-01-29
9334,1,47.41,2000-07-19
9336,1,49.6,2000-10-25
9337,1,64.16,2000-01-10
9338,1,72.58,2000-02-17
9340,1,76.55,2000-05-12
9341,1,40.31,2000-09-27
9342,1,77.03,2000-10-17
9347,1,42.2,2000-08-22
9348,1,65.0,2000-03-07
9349,1,55.18,2000-09-12
9350,1,63.36,2000-08-28
9352,1,66.52,2000-10-10
9353,1,99.05,2000-12-30
9354,1,83.37,2000-12-16
9355,1,92.51,2000-04-14
9358,1,79.06,2000-03-15
9361,1,85.62,2000-02-03
9362,1,44.54,2000-01-02
9363,1,75.71,2000-03-20
9364,1,37.57,2000-02-17
9366,1,79.84,2000-02-26
9368,1,40.1,2000-08-16
9369,1,44.65,2000-02-17
9370,1,87.44,2000-11-03
9371,1,59.46,2000-11-03
9372,1,42.75,2000-06-10
9373,1,77.15,2000-10-22
9374,1,81.12,2000-06-04
9375,1,46.88,2000-10-11
9376,1,60.59,2000-01-01
9379,1,82.88,2000-06-11
9380,1,57.5,2000-10-23
9381,1,46.67,2000-06-09
9382,1,69.12,2000-01-07
9383,1,93.27,2000-05-26
9384,1,50.11,2000-06-16
9386,1,90.09,2000-04-03
9387,1,97.54,2000-09-25
9388,1,42.38,2000-09-01
9390,1,38.02,2000-01-15
9391,1,76.41,2000-10-12
9393,1,95.22,2000-01-18
9395,1,69.63,2000-04-10
9397,1,71.01,2000-01-25
9398,1,60.85,2000-05-06
9400,1,74.54,2000-11-06
9401,1,63.71,2000-03-04
9402,1,39.66,2000-08-29
9403,1,80.15,2000-12-30
9404,1,65.82,2000-01-05
9406,1,64.36,2000-09-14
9407,1,59.2,2000-02-08
9408,1,45.46,2000-08-23
9410,1,80.17,2000-07-18
9411,1,44.13,2000-05-14
9414,1,83.89,2000-07-03
9415,1,87.53,2000-09-04
9417,1,66.58,2000-05-19
9418,1,91.97,2000-03-07
9419,1,48.15,2000-01-18
9420,1,87.16,2000-04-06
9422,1,45.0,2000-06-04
9423,1,51.57,2000-12-21
9424,1,74.9,2000-08-28
9425,1,58.89,2000-10-07
9426,1,44.81,2000-08-22
9429,1,79.66,2000-10-12
9430,1,79.14,2000-08-20
9431,1,86.8,2000-01-18
9432,1,36.89,2000-03-12
9434,1,43.9,2000-03-16
9435,1,55.99,2000-07-29
9436,1,68.71,2000-01-27
9439,1,82.13,2000-03-23
9440,1,67.77,2000-06-05
9441,1,48.44,2000-02-07
9443,1,62.38,2000-03-09
9444,1,91.3,2000-07-22
9445,1,73.35,2000-11-22
9446,1,71.82,2000-12-25
9448,1,39.33,2000-04-21
9450,1,73.64,2000-03-09
9451,1,38.69,2000-02-13
9452,1,72.33,2000-07-29
9454,1,43.15,2000-08-22
9455,1,85.81,2000-03-25
9456,1,41.98,2000-08-06
9460,1,41.07,2000-10-17
9462,1,87.48,2000-06-04
9463,1,87.72,2000-02-06
9464,1,79.34,2000-02-01
9467,1,52.4,2000-01-25
9468,1,52.2,2000-06-01
9471,1,45.58,2000-10-05
9472,1,58.87,2000-12-27
9475,1,43.13,2000-11-06
9476,1,74.4,2000-08-09
9481,1,55.91,2000-11-21
9482,1,94.25,2000-02-15
9483,1,87.58,2000-05-04
9486,1,69.76,2000-05-28
9488,1,52.78,2000-06-15
9489,1,75.2,2000-04-07
9490,1,53.81,2000-12-16
9491,1,45.48,2000-10-24
9492,1,79.87,2000-10-30
9494,1,36.62,2000-12-02
9496,1,91.13,2000-11-30
9498,1,91.96,2000-03-05
9499,1,57.26,2000-01-25
9500,1,60.33,2000-08-30
9502,1,46.1,2000-06-23
9503,1,96.94,2000-11-13
9505,1,37.82,2000-08-20
9506,1,76.85,2000-12-23
9508,1,84.18,2000-04-14
9510,1,49.66,2000-01-11
9511,1,50.65,2000-05-25
9513,1,35.55,2000-10-05
9514,1,37.51,2000-06-27
9515,1,92.65,2000-05-29
9517,1,97.83,2000-12-06
9518,1,54.36,2000-02-04
9519,1,52.38,2000-06-06
9521,1,42.6,2000-04-27
9522,1,55.33,2000-03-01
9523,1,67.89,2000-04-07
9524,1,91.91,2000-08-03
9525,1,35.27,2000-10-27
9526,1,42.86,2000-04-18
9527,1,97.02,2000-04-01
9528,1,57.64,2000-02-05
9530,1,97.87,2000-04-29
9531,1,62.14,2000-11-28
9532,1,99.94,2000-05-16
9533,1,39.53,2000-11-16
9534,1,51.62,2000-05-04
9537,1,79.04,2000-10-27
9539,1,84.75,2000-10-18
9540,1,64.75,2000-11-01
9541,1,67.54,2000-09-21
9545,1,67.49,2000-12-27
9547,1,92.69,2000-10-13
9548,1,61.0,2000-04-11
9552,1,66.66,2000-01-31
9553,1,39.42,2000-01-29
9554,1,49.14,2000-09-25
9555,1,78.89,2000-04-02
9556,1,56.66,2000-03-09
9557,1,66.47,2000-04-09
9558,1,53.04,2000-07-03
9562,1,79.48,2000-12-18
9564,1,90.59,2000-10-12
9567,1,70.3,2000-07-16
9570,1,84.02,2000-02-15
9571,1,61.38,2000-10-28
9573,1,37.58,2000-09-25
9578,1,36.63,2000-05-16
9579,1,45.54,2000-09-16
9580,1,35.65,2000-02-22
9581,1,67.56,2000-05-07
9582,1,62.8,2000-04-30
9583,1,85.16,2000-02-23
9584,1,52.79,2000-10-25
9585,1,36.56,2000-03-10
9587,1,42.82,2000-03-15
9588,1,37.4,2000-07-13
9590,1,43.44,2000-06-09
9591,1,97.93,2000-11-08
9592,1,69.65,2000-04-29
9593,1,42.02,2000-07-02
9594,1,71.52,2000-08-05
9595,1,80.62,2000-10-15
9596,1,88.15,2000-08-28
9597,1,49.18,2000-06-04
9598,1,41.06,2000-03-05
9599,1,37.54,2000-07-09
9600,1,43.7,2000-04-24
9601,1,92.4,2000-03-31
9602,1,62.39,2000-11-16
9603,1,53.74,2000-06-24
9604,1,59.55,2000-03-29
9605,1,47.83,2000-04-02
9606,1,72.85,2000-08-18
9607,1,53.71,2000-09-28
9608,1,64.84,2000-06-14
9609,1,48.64,2000-11-19
9610,1,40.64,2000-10-09
9612,1,86.62,2000-07-30
9613,1,36.7,2000-08-04
9616,1,41.75,2000-02-12
9617,1,45.5,2000-09-27
9618,1,88.85,2000-01-19
9619,1,78.69,2000-04-16
9620,1,95.46,2000-01-24
9622,1,45.69,2000-07-10
9624,1,38.12,2000-10-14
9625,1,58.82,2000-07-18
9626,1,74.51,2000-04-20
9627,1,86.32,2000-10-26
9628,1,69.51,2000-11-08
9629,1,43.81,2000-11-26
9632,1,73.75,2000-12-11
9634,1,53.44,2000-07-06
9636,1,55.12,2000-12-13
9637,1,82.9,2000-11-23
9638,1,78.91,2000-06-15
9639,1,53.23,2000-07-30
9641,1,43.92,2000-04-17
9643,1,54.33,2000-04-01
9645,1,75.95,2000-01-25
9646,1,70.17,2000-08-05
9647,1,49.76,2000-09-20
9650,1,68.97,2000-08-18
9651,1,71.22,2000-07-22
9653,1,77.87,2000-12-13
9654,1,86.45,2000-01-15
9655,1,41.61,2000-03-14
9657,1,64.28,2000-03-15
9659,1,79.04,2000-08-09
9663,1,92.42,2000-08-14
9665,1,87.56,2000-10-12
9666,1,54.58,2000-01-13
9667,1,48.91,2000-08-16
9668,1,38.13,2000-07-26
9669,1,84.17,2000-03-12
9670,1,56.11,2000-08-13
9672,1,56.93,2000-07-25
9674,1,80.67,2000-10-15
9675,1,88.62,2000-08-29
9676,1,57.75,2000-06-12
9677,1,99.77,2000-07-18
9678,1,75.85,2000-05-07
9679,1,43.2,2000-09-27
9680,1,38.1,2000-12-07
9681,1,35.09,2000-02-06
9683,1,35.42,2000-10-23
9684,1,59.3,2000-04-30
9687,1,57.82,2000-06-02
9688,1,42.52,2000-08-18
9689,1,87.54,2000-03-25
9690,1,80.61,2000-09-07
9691,1,43.67,2000-12-20
9693,1,88.8,2000-05-27
9694,1,48.4,2000-03-24
9696,1,50.91,2000-10-27
9697,1,84.13,2000-01-27
9698,1,40.36,2000-12-25
9701,1,91.56,2000-02-07
9702,1,60.39,2000-04-08
9707,1,83.44,2000-10-02
9709,1,38.19,2000-07-03
9710,1,83.41,2000-05-24
9711,1,41.14,2000-12-24
9714,1,46.84,2000-03-12
9715,1,35.91,2000-10-01
9716,1,60.81,2000-07-15
9718,1,64.43,2000-04-27
9720,1,73.23,2000-12-13
9721,1,82.05,2000-10-20
9722,1,99.82,2000-09-09
9723,1,58.12,2000-11-30
9725,1,87.79,2000-10-22
9728,1,66.98,2000-07-26
9731,1,44.15,2000-03-01
9733,1,73.64,2000-02-05
9734,1,76.1,2000-05-23
9735,1,83.19,2000-08-15
9736,1,95.75,2000-04-16
9737,1,70.42,2000-11-30
9738,1,76.24,2000-10-09
9740,1,93.38,2000-04-10
9741,1,41.74,2000-11-04
9742,1,52.66,2000-07-21
9744,1,98.49,2000-05-06
9745,1,47.53,2000-11-19
9747,1,87.92,2000-09-03
9750,1,35.72,2000-07-05
9752,1,56.32,2000-03-25
9753,1,91.04,2000-02-13
9756,1,85.67,2000-01-24
9757,1,89.59,2000-02-04
9759,1,86.17,2000-12-16
9760,1,56.6,2000-06-06
9761,1,99.88,2000-07-15
9762,1,88.26,2000-05-17
9763,1,78.11,2000-04-14
9764,1,89.76,2000-01-18
9766,1,37.86,2000-02-02
9767,1,97.62,2000-08-15
9769,1,88.47,2000-08-29
9770,1,54.4,2000-06-09
9771,1,37.42,2000-05-26
9773,1,67.75,2000-01-24
9774,1,95.67,2000-03-13
9776,1,90.41,2000-10-29
9777,1,46.1,2000-01-13
9778,1,62.23,2000-03-14
9779,1,67.4,2000-07-04
9781,1,83.8,2000-06-28
9783,1,85.19,2000-03-19
9784,1,52.59,2000-08-12
9786,1,42.63,2000-04-12
9788,1,62.63,2000-01-13
9791,1,40.1,2000-11-10
9792,1,90.03,2000-06-02
9793,1,49.61,2000-03-28
9795,1,69.48,2000-05-01
9799,1,74.16,2000-05-30
9803,1,53.12,2000-09-08
9805,1,69.44,2000-12-10
9808,1,75.17,2000-08-22
9809,1,91.42,2000-10-31
9810,1,60.4,2000-01-26
9814,1,56.28,2000-04-10
9816,1,53.22,2000-04-01
9817,1,93.36,2000-11-26
9818,1,94.92,2000-12-12
9819,1,63.19,2000-11-23
9820,1,46.33,2000-06-21
9823,1,37.43,2000-06-27
9824,1,91.73,2000-05-28
9826,1,85.97,2000-03-16
9827,1,80.68,2000-09-04
9828,1,59.22,2000-01-01
9829,1,99.05,2000-12-14
9830,1,48.88,2000-02-03
9831,1,37.38,2000-03-02
9832,1,70.3,2000-05-13
9833,1,99.31,2000-06-02
9834,1,54.13,2000-09-14
9836,1,71.06,2000-12-12
9837,1,38.36,2000-09-13
9838,1,89.21,2000-10-22
9839,1,49.86,2000-01-13
9840,1,44.41,2000-05-21
9841,1,95.08,2000-01-21
9843,1,73.18,2000-08-02
9845,1,99.35,2000-10-09
9847,1,50.09,2000-03-28
9848,1,41.34,2000-10-12
9850,1,86.33,2000-07-30
9852,1,63.98,2000-09-12
9853,1,59.38,2000-02-07
9854,1,52.33,2000-08-29
9855,1,59.82,2000-08-19
9856,1,65.67,2000-02-02
9858,1,84.76,2000-06-04
9860,1,52.56,2000-06-19
9861,1,54.47,2000-03-22
9862,1,61.96,2000-01-19
9863,1,87.07,2000-12-11
9864,1,96.66,2000-07-07
9865,1,52.92,2000-04-14
9866,1,35.48,2000-10-14
9867,1,97.89,2000-05-29
9868,1,40.53,2000-08-31
9869,1,89.02,2000-01-08
9872,1,76.67,2000-10-15
9874,1,35.31,2000-09-04
9875,1,58.85,2000-09-23
9877,1,76.48,2000-10-02
9878,1,50.27,2000-07-23
9879,1,66.7,2000-10-31
9881,1,84.51,2000-04-04
9882,1,70.78,2000-06-12
9883,1,84.17,2000-03-11
9884,1,62.15,2000-08-17
9886,1,84.69,2000-07-05
9887,1,98.85,2000-09-14
9892,1,45.52,2000-06-14
9894,1,91.39,2000-04-22
9895,1,46.42,2000-08-22
9896,1,59.46,2000-05-25
9898,1,92.15,2000-04-03
9899,1,43.27,2000-11-02
9900,1,92.8,2000-08-23
9901,1,73.78,2000-09-14
9902,1,66.55,2000-07-29
9906,1,96.26,2000-11-08
9908,1,97.65,2000-01-02
9909,1,40.84,2000-11-12
9910,1,97.16,2000-06-09
9911,1,78.45,2000-07-16
9914,1,68.01,2000-05-04
9915,1,85.87,2000-05-18
9917,1,96.03,2000-07-04
9918,1,49.89,2000-04-10
9919,1,83.61,2000-08-31
9920,1,39.52,2000-03-06
9921,1,98.46,2000-06-07
9924,1,76.9,2000-05-10
9925,1,55.14,2000-10-08
9926,1,55.52,2000-06-10
9927,1,58.69,2000-06-13
9929,1,64.57,2000-01-08
9930,1,88.17,2000-02-29
9931,1,94.14,2000-11-30
9932,1,95.1,2000-12-14
9933,1,59.55,2000-11-20
9934,1,75.58,2000-04-22
9941,1,43.45,2000-03-13
9942,1,56.58,2000-07-28
9943,1,83.94,2000-02-09
9944,1,85.57,2000-11-15
9945,1,70.38,2000-08-26
9946,1,67.11,2000-07-22
9947,1,41.64,2000-09-07
9948,1,87.16,2000-01-09
9949,1,81.34,2000-04-14
9950,1,61.06,2000-03-17
9952,1,83.14,2000-02-19
9954,1,72.24,2000-02-09
9956,1,42.28,2000-06-09
9957,1,70.02,2000-10-16
9958,1,49.81,2000-02-13
9960,1,61.37,2000-06-02
9965,1,43.24,2000-04-26
9966,1,72.55,2000-03-15
9967,1,89.29,2000-01-06
9968,1,43.65,2000-06-03
9970,1,94.75,2000-07-17
9971,1,69.27,2000-02-09
9972,1,63.48,2000-02-22
9973,1,82.69,2000-09-29
9974,1,99.72,2000-11-22
9975,1,50.41,2000-04-19
9976,1,60.34,2000-08-15
9977,1,92.7,2000-02-23
9980,1,75.68,2000-08-16
9982,1,80.8,2000-07-04
9984,1,83.28,2000-04-06
9985,1,35.27,2000-05-15
9987,1,74.5,2000-01-27
9989,1,95.6,2000-12-20
9990,1,48.28,2000-11-13
9991,1,56.9,2000-10-20
9992,1,46.61,2000-06-07
9993,1,73.51,2000-01-10
9994,1,77.12,2000-08-05
9996,1,76.65,2000-12-22
9998,1,43.86,2000-06-04
10000,1,36.82,2000-08-22
10001,1,47.8,2000-11-30
10002,1,76.83,2000-08-21
10004,1,69.38,2000-09-18
10005,1,52.63,2000-04-27
10006,1,75.59,2000-08-31
10007,1,62.47,2000-10-11
10009,1,63.35,2000-12-18
10010,1,44.11,2000-04-07
10011,1,67.92,2000-05-26
10012,1,93.49,2000-03-12
10013,1,65.08,2000-02-03
10014,1,95.08,2000-12-23
10016,1,40.55,2000-08-09
10017,1,82.78,2000-03-17
10020,1,98.25,2000-08-13
10022,1,65.33,2000-07-14
10024,1,51.51,2000-09-14
10025,1,75.73,2000-06-17
10026,1,75.23,2000-05-27
10027,1,47.9,2000-07-18
10029,1,94.35,2000-05-21
10030,1,96.39,2000-07-23
10031,1,82.34,2000-02-22
10032,1,96.87,2000-09-08
10033,1,99.42,2000-10-11
10037,1,96.77,2000-02-10
10038,1,64.11,2000-07-04
10039,1,47.14,2000-09-04
10043,1,86.26,2000-08-15
10044,1,63.48,2000-06-11
10046,1,95.85,2000-12-20
10047,1,52.56,2000-11-17
10048,1,35.97,2000-12-26
10050,1,73.01,2000-01-04
10051,1,93.91,2000-08-16
10053,1,73.1,2000-11-28
10054,1,43.35,2000-12-03
10055,1,65.68,2000-05-22
10056,1,57.74,2000-02-10
10058,1,94.18,2000-08-15
10059,1,35.47,2000-11-01
10061,1,81.98,2000-07-09
10063,1,44.47,2000-05-29
10064,1,63.94,2000-12-29
10068,1,59.02,2000-06-09
10069,1,39.73,2000-08-19
10071,1,90.97,2000-12-03
10073,1,85.88,2000-06-19
10074,1,87.45,2000-11-20
10075,1,88.68,2000-09-13
10076,1,97.82,2000-04-29
10077,1,60.56,2000-11-27
10078,1,70.21,2000-04-20
10079,1,88.89,2000-08-06
10080,1,57.09,2000-08-24
10081,1,84.69,2000-11-28
10082,1,95.3,2000-07-01
10083,1,48.57,2000-04-08
10084,1,65.07,2000-08-14
10085,1,99.28,2000-05-22
10088,1,67.56,2000-01-20
10091,1,57.2,2000-10-24
10092,1,37.06,2000-06-01
10093,1,89.3,2000-08-07
10094,1,63.11,2000-08-29
10095,1,95.42,2000-03-02
10096,1,44.95,2000-04-05
10097,1,95.3,2000-06-17
10099,1,59.46,2000-02-26
10100,1,74.21,2000-07-03
10101,1,74.94,2000-03-12
10102,1,55.96,2000-02-29
10103,1,88.84,2000-04-24
10104,1,84.37,2000-07-02
10108,1,58.92,2000-04-28
10110,1,45.94,2000-07-18
10111,1,89.34,2000-08-26
10112,1,83.99,2000-07-03
10113,1,91.79,2000-09-07
10114,1,88.14,2000-07-11
10115,1,48.54,2000-10-28
10120,1,50.11,2000-10-24
10121,1,79.02,2000-01-22
10122,1,50.47,2000-10-09
10123,1,47.64,2000-03-13
10124,1,50.88,2000-10-14
10125,1,38.05,2000-03-07
10126,1,64.93,2000-05-10
10127,1,91.17,2000-03-03
10128,1,47.87,2000-01-16
10129,1,89.09,2000-04-06
10130,1,61.86,2000-08-28
10131,1,73.49,2000-02-13
10132,1,39.6,2000-04-26
10133,1,91.05,2000-01-08
10134,1,73.61,2000-06-29
10135,1,79.08,2000-03-13
10136,1,40.03,2000-05-09
10137,1,48.91,2000-12-08
10138,1,69.07,2000-08-18
10139,1,72.09,2000-07-22
10140,1,48.13,2000-12-05
10141,1,65.55,2000-08-14
10143,1,45.38,2000-05-13
10144,1,50.78,2000-03-04
10145,1,56.33,2000-01-07
10147,1,44.07,2000-05-14
10149,1,52.31,2000-08-12
10151,1,74.39,2000-02-14
10152,1,55.15,2000-05-10
10153,1,78.32,2000-09-07
10154,1,91.67,2000-11-07
10155,1,36.94,2000-01-09
10156,1,76.79,2000-10-09
10159,1,90.83,2000-04-02
10163,1,58.09,2000-06-15
10164,1,94.03,2000-07-14
10165,1,63.88,2000-02-03
10166,1,67.41,2000-12-01
10169,1,42.63,2000-11-30
10170,1,64.69,2000-05-20
10171,1,45.45,2000-01-29
10172,1,81.29,2000-01-13
10173,1,35.47,2000-12-15
10174,1,42.33,2000-11-23
10175,1,85.0,2000-06-03
10177,1,80.92,2000-10-06
10179,1,72.38,2000-05-02
10180,1,90.7,2000-08-12
10181,1,71.79,2000-09-08
10182,1,47.82,2000-07-11
10183,1,62.5,2000-10-23
10184,1,57.05,2000-09-08
10186,1,93.27,2000-09-18
10187,1,79.42,2000-07-08
10188,1,69.55,2000-05-31
10190,1,99.91,2000-08-21
10191,1,38.7,2000-01-29
10192,1,36.07,2000-09-14
10193,1,37.04,2000-09-09
10194,1,79.13,2000-10-11
10195,1,70.16,2000-08-12
10197,1,63.78,2000-01-20
10199,1,93.15,2000-02-18
10200,1,48.63,2000-04-03
10201,1,85.56,2000-08-29
10202,1,88.0,2000-04-15
10204,1,45.65,2000-07-02
10205,1,49.48,2000-10-09
10208,1,49.7,2000-07-25
10209,1,43.28,2000-10-13
10210,1,75.08,2000-10-22
10211,1,36.93,2000-04-28
10213,1,60.16,2000-09-03
10215,1,44.54,2000-07-18
10216,1,58.07,2000-07-31
10219,1,35.84,2000-03-19
10220,1,64.11,2000-02-22
10221,1,95.46,2000-10-10
10222,1,36.71,2000-06-11
10223,1,38.42,2000-06-30
10224,1,99.63,2000-06-05
10225,1,47.13,2000-09-09
10226,1,98.73,2000-04-12
10227,1,51.69,2000-02-04
10228,1,93.55,2000-04-18
10230,1,91.7,2000-04-03
10232,1,75.34,2000-02-21
10233,1,47.0,2000-05-06
10235,1,60.05,2000-10-22
10237,1,91.91,2000-08-16
10238,1,83.58,2000-09-19
10239,1,60.81,2000-01-09
10242,1,90.15,2000-11-05
10244,1,71.24,2000-08-07
10245,1,67.06,2000-10-05
10248,1,49.23,2000-11-02
10252,1,37.93,2000-02-26
10254,1,35.6,2000-11-22
10255,1,40.0,2000-02-04
10256,1,39.63,2000-09-19
10257,1,92.85,2000-10-27
10260,1,95.97,2000-11-04
10261,1,45.55,2000-04-07
10265,1,83.33,2000-04-03
10266,1,47.1,2000-05-23
10267,1,45.04,2000-03-04
10271,1,51.6,2000-05-31
10273,1,74.87,2000-08-16
10276,1,60.62,2000-07-14
10278,1,41.25,2000-04-07
10280,1,38.22,2000-07-05
10281,1,74.26,2000-05-17
10282,1,66.92,2000-07-30
10284,1,57.17,2000-05-01
10285,1,58.16,2000-11-09
10286,1,90.46,2000-04-30
10287,1,95.34,2000-07-13
10288,1,97.3,2000-03-01
10289,1,90.55,2000-05-13
10290,1,44.84,2000-06-07
10291,1,37.0,2000-12-10
10292,1,99.35,2000-01-08
10293,1,54.77,2000-11-26
10294,1,46.41,2000-01-08
10295,1,88.81,2000-04-03
10296,1,69.64,2000-09-02
10299,1,39.82,2000-01-21
10300,1,93.25,2000-10-28
10303,1,52.91,2000-05-23
10304,1,76.04,2000-06-20
10305,1,68.48,2000-05-23
10308,1,86.7,2000-10-13
10310,1,79.62,2000-07-14
10311,1,47.64,2000-05-16
10312,1,88.58,2000-04-06
10313,1,54.31,2000-08-21
10315,1,68.21,2000-05-05
10316,1,84.85,2000-05-18
10317,1,98.21,2000-02-08
10319,1,62.18,2000-05-03
10320,1,59.55,2000-02-03
10321,1,71.83,2000-09-12
10324,1,47.27,2000-02-05
10325,1,95.23,2000-01-28
10326,1,83.87,2000-07-15
10327,1,36.53,2000-07-29
10328,1,39.3,2000-02-05
10330,1,85.89,2000-11-16
10331,1,71.1,2000-08-28
10332,1,77.78,2000-07-31
10333,1,38.0,2000-02-22
10335,1,75.41,2000-09-06
10336,1,35.13,2000-09-20
10337,1,88.75,2000-08-02
10338,1,70.0,2000-09-02
10340,1,66.14,2000-02-14
10341,1,74.27,2000-12-11
10344,1,85.66,2000-03-03
10346,1,96.84,2000-03-04
10347,1,71.05,2000-04-27
10348,1,78.31,2000-07-31
10349,1,48.49,2000-03-01
10351,1,76.57,2000-01-20
10353,1,36.28,2000-04-23
10355,1,40.96,2000-11-10
10359,1,87.43,2000-08-18
10360,1,76.12,2000-06-23
10361,1,59.43,2000-05-17
10362,1,44.12,2000-11-04
10364,1,67.79,2000-02-27
10365,1,57.33,2000-12-02
10366,1,79.1,2000-02-07
10367,1,86.88,2000-08-24
10368,1,38.77,2000-05-25
10369,1,54.75,2000-09-27
10370,1,91.37,2000-07-05
10371,1,43.28,2000-01-13
10372,1,99.94,2000-01-22
10374,1,79.3,2000-01-06
10377,1,58.49,2000-02-19
10378,1,84.95,2000-07-09
10379,1,87.6,2000-09-07
10380,1,99.82,2000-04-28
10382,1,56.17,2000-05-11
10383,1,94.01,2000-09-21
10384,1,80.77,2000-07-10
10385,1,88.41,2000-06-17
10386,1,52.82,2000-01-14
10388,1,76.96,2000-10-19
10389,1,90.13,2000-06-10
10391,1,64.66,2000-06-12
10392,1,50.56,2000-11-20
10393,1,78.77,2000-11-10
10394,1,41.49,2000-05-09
10395,1,79.32,2000-01-03
10399,1,92.55,2000-10-17
10400,1,43.39,2000-03-29
10401,1,91.53,2000-06-10
10402,1,48.53,2000-03-30
10403,1,98.36,2000-09-08
10406,1,81.09,2000-02-10
10409,1,62.38,2000-05-24
10410,1,78.97,2000-12-06
10411,1,39.1,2000-02-25
10413,1,59.67,2000-02-11
10414,1,44.02,2000-08-23
10415,1,99.28,2000-04-05
10416,1,90.24,2000-03-05
10418,1,88.32,2000-02-07
10419,1,88.38,2000-02-08
10420,1,84.27,2000-02-06
10422,1,51.24,2000-07-15
10424,1,48.17,2000-03-23
10426,1,70.85,2000-11-13
10427,1,54.69,2000-12-07
10430,1,48.66,2000-11-26
10432,1,75.37,2000-06-01
10438,1,97.64,2000-12-02
10439,1,65.59,2000-02-12
10440,1,67.42,2000-12-04
10441,1,90.74,2000-08-01
10444,1,72.42,2000-01-07
10445,1,67.84,2000-07-27
10446,1,37.2,2000-09-05
10447,1,96.17,2000-10-24
10448,1,92.41,2000-05-12
10449,1,90.26,2000-07-14
10450,1,83.24,2000-11-27
10451,1,69.21,2000-06-08
10452,1,65.82,2000-02-23
10457,1,80.05,2000-02-24
10458,1,37.25,2000-07-21
10459,1,87.31,2000-03-13
10461,1,61.85,2000-11-11
10462,1,63.2,2000-06-30
10463,1,44.03,2000-08-31
10464,1,67.75,2000-03-13
10465,1,90.99,2000-10-14
10467,1,42.19,2000-05-25
10470,1,68.1,2000-09-30
10471,1,73.21,2000-02-26
10472,1,78.02,2000-03-12
10474,1,43.65,2000-03-24
10476,1,52.31,2000-05-31
10479,1,65.16,2000-03-04
10480,1,72.21,2000-09-25
10481,1,85.6,2000-05-27
10482,1,76.47,2000-01-25
10483,1,82.6,2000-08-15
10484,1,81.21,2000-04-04
10485,1,99.52,2000-04-14
10486,1,60.07,2000-02-12
10487,1,45.7,2000-08-25
10490,1,86.57,2000-06-12
10492,1,61.06,2000-09-21
10493,1,56.85,2000-11-17
10495,1,71.18,2000-12-04
10496,1,76.31,2000-10-11
10498,1,90.29,2000-01-14
10500,1,86.65,2000-05-12
10501,1,62.42,2000-03-30
10503,1,55.59,2000-02-24
10507,1,98.68,2000-04-17
10510,1,56.78,2000-12-03
10511,1,61.58,2000-01-24
10512,1,59.1,2000-11-20
10513,1,68.56,2000-04-16
10514,1,70.85,2000-07-20
10518,1,67.8,2000-04-17
10519,1,49.32,2000-07-03
10521,1,66.07,2000-06-29
10523,1,67.6,2000-03-20
10524,1,60.22,2000-09-22
10525,1,35.73,2000-10-31
10526,1,36.85,2000-04-15
10527,1,78.65,2000-12-23
10528,1,62.62,2000-12-29
10529,1,82.01,2000-02-21
10530,1,94.57,2000-09-05
10531,1,58.7,2000-09-06
10532,1,64.13,2000-11-17
10533,1,90.15,2000-07-25
10534,1,35.67,2000-10-23
10535,1,66.44,2000-05-06
10536,1,41.24,2000-04-12
10537,1,85.68,2000-03-20
10538,1,56.78,2000-08-17
10541,1,85.98,2000-03-06
10543,1,70.82,2000-11-17
10544,1,35.04,2000-11-22
10548,1,45.08,2000-09-27
10549,1,78.42,2000-01-11
10550,1,84.22,2000-11-02
10551,1,94.42,2000-09-10
10552,1,36.07,2000-08-21
10553,1,35.57,2000-11-20
10554,1,51.22,2000-02-12
10555,1,53.1,2000-03-18
10556,1,47.81,2000-01-06
10558,1,48.3,2000-06-23
10559,1,43.62,2000-12-22
10560,1,94.07,2000-04-01
10561,1,94.85,2000-12-14
10562,1,55.41,2000-11-17
10563,1,99.16,2000-02-17
10564,1,85.33,2000-07-25
10566,1,78.54,2000-09-23
10569,1,96.99,2000-12-13
10571,1,67.99,2000-05-18
10573,1,63.18,2000-06-22
10574,1,75.45,2000-09-23
10575,1,64.99,2000-07-31
10576,1,55.76,2000-07-02
10577,1,74.56,2000-04-13
10580,1,59.65,2000-03-06
10581,1,41.98,2000-06-10
10582,1,60.69,2000-10-09
10583,1,75.33,2000-09-17
10584,1,85.13,2000-08-15
10585,1,39.46,2000-05-22
10586,1,83.59,2000-10-20
10588,1,77.34,2000-05-09
10589,1,71.1,2000-10-21
10590,1,54.92,2000-02-19
10592,1,74.7,2000-03-03
10593,1,86.57,2000-03-21
10594,1,72.64,2000-08-30
10596,1,65.36,2000-02-19
10598,1,35.04,2000-01-25
10599,1,70.51,2000-07-20
10602,1,97.33,2000-07-22
10606,1,96.98,2000-02-28
10607,1,93.98,2000-05-15
10609,1,97.34,2000-11-14
10611,1,75.77,2000-12-15
10615,1,94.72,2000-04-18
10616,1,38.61,2000-11-04
10617,1,81.17,2000-05-23
10618,1,94.63,2000-11-15
10619,1,67.46,2000-02-07
10621,1,63.05,2000-04-21
10623,1,63.74,2000-09-10
10624,1,59.41,2000-02-07
10625,1,55.18,2000-08-31
10627,1,65.3,2000-05-30
10630,1,59.58,2000-01-30
10631,1,91.2,2000-09-27
10632,1,96.63,2000-05-04
10636,1,85.93,2000-01-31
10637,1,64.8,2000-01-17
10638,1,57.93,2000-02-08
10641,1,60.65,2000-03-10
10642,1,48.95,2000-06-17
10643,1,84.2,2000-01-23
10644,1,59.22,2000-01-09
10645,1,67.48,2000-11-21
10646,1,49.08,2000-09-13
10648,1,37.74,2000-03-23
10649,1,89.97,2000-03-16
10650,1,69.7,2000-11-16
10652,1,49.98,2000-03-09
10654,1,97.23,2000-02-08
10655,1,82.99,2000-07-19
10657,1,86.86,2000-08-01
10659,1,70.22,2000-12-11
10661,1,48.59,2000-03-31
